"Y","X1","X2","X3"
1.69191567797733,0.589228785156344,1.09024071272625,1.3239086172233
-0.270877891604115,-0.644378509481178,-0.289883784083312,0.369687666725704
0.445057799302499,0.0271420938330606,-1.20524301832248,-0.175598003440175
1.09409205892583,2.80265566023455,1.12949352674581,0.695377839938494
-0.442076075637592,-0.363334069634326,-0.998163874433728,-0.663076501565854
1.16570128531094,0.26136993091424,0.0292888516612805,-1.03203486246377
-0.486648140042831,-0.391865383008412,0.176914792903149,0.426539611428122
0.837651202707932,-0.255342401212639,0.616659824805008,1.06605016587247
0.903122271110568,0.0310349351940762,1.70075891778917,-0.873498464470237
0.191444607652002,0.0459658375204712,0.74862245166094,0.716722286617095
-0.909105351453376,-0.339876841501944,1.06698711878686,-0.346189817152094
-0.698613286066673,0.779922152829589,0.324220834318397,0.228656971481156
1.94251320585959,1.04238075065969,0.232470805677418,0.242196622083863
0.537698049242612,-0.194424170074775,-0.870089055375555,1.90113964847074
-0.942535660260854,-1.45618501732148,-1.1473336399317,0.983079762491121
-0.238999685221066,1.15051472533577,1.11418322098915,-1.14877231925678
0.230365599098772,-0.209824552028473,2.25207097492579,0.325887542082657
2.26934787334105,0.871148849142566,1.00130639382579,1.3281084491888
0.634840995831204,0.473214750960556,0.547840606705107,1.42252922615233
-0.246402489189486,-1.20234614241383,-2.68640499139986,-0.861870805195889
0.193721667448492,-0.434663121401496,0.429488272404155,0.12207974058009
1.03873966559644,0.200086365808676,0.599692955025975,0.746080686058523
0.373847874129784,-0.139022002543214,0.216158006746203,0.924146342214037
-0.0240302221627185,1.89919231049782,-1.25903122076095,-0.335373854461374
0.696706083833355,0.463300073875114,1.07008403499095,-0.574876874030962
0.898638889540786,1.96352369921169,1.12380514268392,0.812064347049952
-1.48582492695008,-1.20757388835413,-0.271312581638756,-0.26995987516833
0.201430309620556,0.219879000083468,0.717495278801192,0.973256288756599
0.388547706904954,-0.595836748061076,0.82855501608529,-0.193987851470091
1.9644877585018,0.0989631806452266,0.590076833418545,0.38845223162644
-1.20421784686362,-1.48950341148547,-0.800700788024938,-0.649426178322595
1.32850085522661,1.85106189151377,0.645892340262641,-0.377717917399034
1.60106845262621,0.114142006220149,0.334871927733926,1.13306309245852
1.09835215000224,0.511319528026951,-0.131203978479612,0.334297979079244
1.58482240730792,2.7205894451914,0.0491748684223788,1.62324134032611
1.52152118363345,0.491718411531937,1.76439378146688,0.250879250219387
0.365041743576208,2.37998879876561,0.287002796590286,0.239094783465338
0.406646711066736,1.84698774054064,0.584033510091731,1.70728114385306
0.565687670106351,-0.0511181738994054,0.732375612446921,1.30230717674647
-0.314010518074451,-0.268070642094821,-0.223743912304291,0.820696366727587
-1.31942871286055,-0.562220407394256,-0.669133439768343,-1.88825668845172
1.22120337579808,2.02563831641312,1.08457153406511,0.103996837392697
1.1593708853666,-0.0974894976811028,1.043104638592,0.431238378249451
-0.966281946489451,0.182636163557376,0.380644820273727,1.5837484412181
-0.865726566304304,1.13801361698064,-0.965133062062129,0.332020646723416
-0.475626305161304,-0.0173808205145711,0.685382208219404,0.212333843136638
0.0351906346812264,0.456231094853674,0.110185908269343,0.96126340130389
0.645996473953014,0.48096437495915,1.86392775621094,1.16234543159646
1.82589888630562,1.35819621811872,0.499112959152637,0.527519633953794
1.05994759992809,0.787392725491836,-0.392885586064845,0.550060296966824
1.47389025726142,1.46800958114915,1.22420279936862,0.461898327205672
-0.406343251210214,0.87084258084526,0.191491055595288,0.500927058527761
0.291820122098053,0.597873521850232,0.770596927601144,0.525244800084107
0.529858751542763,1.65127427184939,-0.164063222568777,0.377722154404454
-1.18819764508035,-0.548837975698414,-0.271684164445908,0.567084946268721
-0.605724712762878,-1.11703957402334,0.278865101517872,-0.302151687700876
-0.774183811597394,-1.30954681260672,-1.10773198818853,-0.780392309981272
0.64627644318302,1.12762339147333,0.217931405210505,0.876390101610737
-1.18354909176247,-0.306301238853857,-1.38349555642288,-0.851449813428535
1.54256575102722,1.09708305591478,0.391437622454947,0.825813474553505
-0.867207182087257,-0.566416412714076,-1.26152032910046,-1.50122326048839
-1.29399857782081,-1.65921808287464,-2.30771180762871,-1.33118771435878
0.638883112734292,0.502952150701786,-0.0425365892006442,-0.132190650742249
1.33417820419294,1.23340539751872,-0.149520499887146,0.677592054076333
-0.739442743235421,0.0405767855632302,0.25547220525991,-0.244030095371221
0.202344121737509,-0.696442781197715,-1.47689875108055,-1.61069850065535
0.874144772765529,1.44139418427812,0.824241482862342,1.15425679686782
-0.855098673681428,-0.493296282517502,-2.389631665886,-1.7366882512406
-0.751914835621942,-1.99181697782566,0.145342150822031,-1.28390986435578
-0.813906108034198,0.115863906500456,0.0174396075740534,-0.563317894679037
0.728848161139167,0.793217225795678,0.322208686575514,-0.707963765291838
0.455406293804118,0.368498071858939,-0.0361559026664762,0.752718837707061
1.89645537288611,0.453043222051803,0.478027429098991,0.646661836943585
0.661033454764168,-0.0652599465368172,-1.2307673291103,-0.763612988717066
-2.01786371043752,-2.02377312101574,-1.30853220007874,-1.73508934475974
0.0141149352284062,-0.24722919284909,0.151225988062293,0.510957455258622
0.484226729526489,1.42480026167275,1.68720861210315,-0.108731663987291
0.613180105561233,-0.219887414934788,1.63114385633059,0.93639306004864
0.251687065943523,-0.581575318702063,0.272095326451671,-0.2808311088806
0.968353689079339,1.05521183801752,-0.564410218134682,0.758853735835832
0.0125445869043844,-1.1460661755987,1.04520525388353,0.912750677627919
-0.754026387569778,0.664846442143621,-0.613773320161478,0.191396816083274
0.198437626130572,1.47232153520592,0.914170654059333,0.614455036620822
0.490656022722689,-0.255130634792098,1.72992547809397,-1.15940018337783
-0.612611961067498,-1.62170046796172,0.543490303041931,-0.698106818450413
-0.252777255265135,-1.18055844990534,1.2362193202315,-2.44005412634805
-1.16972243767256,0.118172683553508,-0.687219630349922,-0.329436376644062
0.747000166706068,1.21880058264598,0.441853018533036,0.138367707654765
1.35229534285398,1.55533794848031,-0.932868032578958,-0.171993434042461
0.478377180756433,1.25389634809969,0.358071537182618,1.53618786403614
-0.191128486157095,0.269812993933723,-0.336158856345896,-1.25196518932937
-1.31358084389202,-0.700003991429191,0.172842886680451,-0.0207455746845053
-0.764638919463223,-1.20723544240044,-0.351737105831924,-2.3532546008768
-0.552703980007794,-1.37934745579525,-0.191025438321138,-1.43784421283208
-0.0248229066040869,0.104298683293288,1.71090668304357,-0.013494433280087
-1.67905855330986,-1.08560815784121,-0.61849380989897,0.0347446583504694
-0.309107821620992,0.277822096299654,1.64639590754384,0.41231579874139
-0.443986248655994,-0.589670417112733,-0.73961156393312,0.343426530341538
-0.402805887289746,-0.136953782794728,-1.91566796773381,-0.236582844795961
-0.545010626049685,-2.36365352292539,-0.717330952616297,-2.64480982662374
-0.314079951561411,0.865505099263659,-1.63789216596468,-0.686896887874044
0.454849327744549,0.241540954836453,1.26363362879719,0.635412895369332
-0.434242826166815,0.544867484100735,-0.955006571697896,0.727469024431587
0.446424853610844,0.148522159690674,2.00443721253831,0.38068799604116
1.13313439603965,0.817610268252309,0.362084879141915,1.22277910053933
0.194629154721251,-1.16587509412531,-1.52968885554783,0.387037224250809
-0.0890573883257066,0.431297469643157,0.66434953925405,0.698623005424585
0.760089023913671,1.017205580493,-0.809092561774122,-1.19394026695035
-1.5423683172594,0.29560542301778,-0.673435885676736,-0.572970549772982
0.545885011112011,0.500059084333315,-0.729587151988492,-0.302544160319798
0.162526700739954,-0.832035729629991,0.678272239159826,0.392414798805605
0.835250993028938,1.26893666251155,0.983578257112476,-0.814708058060014
0.444883787672066,2.11399832797566,0.0846186865829163,-0.00427370827102773
-0.431800616870233,-0.940183432709713,-1.20691253812875,0.276925275208281
-0.322229065367292,0.0180997393062538,0.980963770964454,-0.617283278217585
-0.591238946674646,-0.423937132010799,-1.74194912043595,-0.354785796917886
0.175975370603203,-0.46368133571824,2.18682902995478,1.65104041109461
0.110916391077551,-0.0422758937504382,-1.01166593267657,-0.623748790335409
-1.07786601512865,-1.69992767708862,-0.0731787909191072,-0.197385682182517
-0.793099156039865,0.205872410676634,-0.256641488629969,-0.368762915062065
2.48348866692055,1.54850414864436,0.901524997345618,0.0135043481390492
0.717398425507808,0.996219239819429,0.681254390562662,0.264774839424529
-1.33302578142642,-1.23233666251843,-2.67820458030045,-1.63199710666296
0.594581197730929,-0.380760735017487,-0.22784417346035,-1.16898389989927
-0.00551029039621231,-1.30815410817469,-1.4319251902067,-1.42722710142137
0.0612863616349633,-1.30865945779726,0.255900201566159,-0.0646083848511425
0.751198292857625,0.35353802328028,0.217241937142638,1.16360768710186
3.06722955637577,0.692138263356075,1.1240113597202,1.51656507815811
-0.301739640094005,-0.745188076634545,1.6865263867584,-0.222711433457639
0.319534085140241,0.894928333301605,-0.293571918902557,0.121415320129904
-1.0357581120751,-0.456387813736675,-1.13279173922223,-0.017590169786253
-0.700149783215454,0.0997757766402313,-0.0909869458939232,-0.746253637864296
-0.751994673562393,0.278592824599268,0.803307740232837,0.892837078994057
-0.368447358099382,-1.64334024585821,-0.625294031759154,0.815953901561672
0.692430785089462,1.51962962457407,0.10601134109714,-0.0326329305025559
-1.14446747900551,0.339391849147132,1.00440790083486,-1.02927099827997
0.429885952843272,0.58012254868884,1.03647727698218,-1.3787747028586
2.24062334810947,2.32001570581061,1.71301605573706,0.819563928074013
-0.81124302750376,-1.36777098763532,-0.645303289029952,0.624523669273739
-0.904668733801414,0.0640258165450286,0.94853487949772,0.0999736992686803
1.35977572330202,0.960249284375294,0.375555693911947,-0.0441750111384221
-1.48555978361758,-0.789972653955745,-1.38263721307849,-1.06296705096746
-0.262273702728396,0.491690586589348,-0.208568026475481,-0.81773022324731
0.171752312015281,0.116171432506883,0.496654194513764,-0.486035496529088
0.113521955743535,-1.72579041436627,-0.199302062962618,0.376157771009917
-1.0045194799205,-1.3689688662342,0.103938015050796,-0.741117398516538
-2.46000532931213,-1.34571449914449,-1.16149372078736,-0.807978646807739
-0.958479249399309,-0.734983783802869,-1.1589427612256,-0.283677385869442
0.842908834473336,-1.21949330029303,1.03323907021123,0.0222336551080817
-0.820616300002181,-0.208648463249203,-1.51884908244624,0.541523066499682
0.757571069921403,0.887314218511851,0.0551228807965276,0.0426446991733491
0.626845854540966,0.188266472039451,-0.0459283422755666,0.632208681847217
-0.899942001821532,-2.06865571235723,-1.66279544416818,-0.85354537271234
0.0840582906674797,1.11693090174136,0.798730253599939,0.455818026273886
-0.963717882751463,0.958573407470627,-0.898491660382773,-0.132117015278858
-2.47808058330765,-2.10548900105877,-0.502929481010374,-0.602692848977965
-0.581004956199846,1.15144930664205,-0.916960571700258,-0.0385839528378979
0.848647068564616,1.22381240136646,1.85923322763509,0.557001724809456
0.506927781023405,1.30123147391384,-0.0397597122557765,-0.355903761611245
-0.492020112704169,0.325017612885009,0.22697721271492,-1.66959174552646
-0.588790372063764,0.478721545282958,0.629520188878751,-0.378722368721906
1.95481147904757,1.10710476454536,-1.54574696662263,1.00101515800106
-0.623885832554772,-0.484728792019249,1.07455248689716,-0.664430690333239
0.0818276486786456,-0.444322400935179,1.56584762529756,0.33529117686172
0.546691821941253,0.416309309117898,-0.983055431266754,-1.02162906061823
0.388611058571707,0.825581569281628,0.150662174949848,-1.69686958646694
-0.489853880656521,-1.05142144862167,-0.842275638699635,-1.08315863103256
-0.474141400301732,-0.0392867684257471,0.623286620548047,-0.196251455561653
-1.20816848648337,-0.152885940010298,-0.921061136362368,0.905856200624084
-1.02563533082902,-0.984290066151214,-2.02080519380765,-0.0242376971948263
-0.753131829699556,-0.554551089406873,-2.34102470900254,-1.54951360565129
0.0475428875209453,-0.725791712563839,0.866267809048745,0.518470263594762
-0.968349848500313,0.530119524219202,0.272728790219836,-0.635226032405325
1.52221415213166,0.736886853396775,2.99339657299379,1.50637698659387
-1.21157281808233,-0.333260149662579,-1.70825923935754,-0.180514790951411
-0.227367111670258,-0.107522652460648,-0.161076265609545,0.957298892901849
0.0390694173202291,0.26088670136343,0.863486101801214,0.98309893200578
-1.95988169620627,-2.4499249011008,-3.16145003352269,-2.09472290765095
0.787930675037362,0.124498996968746,-0.157969044941099,0.076759447031413
1.00147116221253,0.438037444996434,-0.14385591164027,-0.513068906209927
2.1096427756279,2.38272100891685,2.45671496931036,1.09844451758224
1.41003281831284,1.56827405952007,-0.652902834465129,-0.534336452744318
-0.437928475262292,-0.330019504294488,-1.03835672624665,-1.632333845517
-1.27773192542725,-0.729924615297034,0.0970765711042099,-0.349948618748154
0.765698974998982,1.35078527611353,-0.0702455817902164,-1.6172827914537
-1.29290459164831,-3.15649114596919,-0.536562103558097,-1.1347998416625
-0.292766325998284,-0.841889484900493,-0.913612822074665,-1.49335305115155
0.804948997529961,0.941389115522618,0.338537739144383,0.905853813355175
-1.17522572349385,-0.991028612380326,-0.402115742968297,0.44018144302093
-0.0406471374299808,0.525227848142971,-0.965882606918456,-0.15645892589314
0.140626073713992,0.761415016752804,0.633016546585464,-0.103467040077569
2.30095567280933,2.11187902395139,3.14660772533254,1.44364473612533
0.748544521763171,0.450013926664251,1.72065574077945,-0.142218752322832
0.990996677301851,0.127538790753727,-0.677923059558083,0.278031641385368
-2.05617028624585,-3.05405174228012,-2.4972038821954,-1.51648636589676
0.0961274098498247,-0.758611541552744,-0.815286205728595,-0.405316215329463
0.572982187192698,-0.759418753885104,-0.352506573954145,0.160233916453463
1.98662657210126,1.48635918403988,1.08136802791672,0.413001555339598
0.470744690076265,0.22551036487377,-1.11090044118355,0.778239800198784
1.61024093518262,1.73430017618912,1.36789132835498,1.09596972223307
0.748403175354446,-0.396089984406238,0.638393074000968,-0.0749397676978393
-2.1313364241785,-1.6787180490909,-0.215870746581204,-0.291906045670402
-0.491007285394634,-0.834073485005851,0.393676580340358,-1.51907290433261
0.725497740833909,-1.01823734433828,0.155428898565247,0.749871262746778
-1.32212938570608,-0.791775381962996,-0.626696728183668,0.0483921009792141
-1.03398471452796,-1.27301289829502,-0.712646087102972,-1.31158582102099
-1.51146808544991,-2.57148300509577,-1.04829053792029,-0.81791363937322
-1.0371615411393,-0.770264958458504,-0.553688302568529,-0.945144206161281
-0.0390260905019191,-0.0485449040351925,0.313558937022198,-0.627565474597198
-0.0964135597406661,-0.088016673053337,1.46680724739707,1.49617582590812
0.624577135872426,-0.406877496722441,-1.11146306159644,1.08802391881969
0.666859579261024,0.195109572136144,1.40975064620076,1.62586240749901
0.0852176526541938,-1.15276981585174,-0.0962841162949015,-1.50127153588585
1.29560711265847,1.00019469696451,1.99747082263322,1.10215836334952
0.420433282057817,0.409409838929828,-0.621926601066381,-0.0164001555249078
-0.0666802502020898,-1.02446701269099,-0.945928325093962,1.24593223310528
-0.711634378675966,0.781304579233113,0.0689714608414954,0.0343355797951321
-0.164867100555823,0.248159886214588,-1.01359346840408,0.765256515130999
-0.430564729914431,0.616909105704266,-0.621857429851528,0.661410330323981
-1.34527000501022,-0.470169640794511,-0.0663708352718955,-1.80246971022529
-1.23567908325122,-0.549921196323625,-1.49759621860576,-0.935834090946484
0.237692330798236,-0.403635917002498,-0.161788494591272,-1.11468879179174
-1.52127843872858,-2.61563906220516,-1.45036892107147,-2.04483866317739
-1.42521316350368,-0.0570405618672665,-0.94177274453259,-1.36508554256307
-0.367693117868938,-0.11444043018406,-0.16622028152523,-0.452917413281003
0.978934948552465,1.58188679225473,-0.850166455578186,1.42222917541868
-1.90461198195978,-2.15898342977662,-2.31902729496707,-2.60428375511704
-0.118484983722023,-1.36615004305842,0.0451157629743919,-0.44451929820751
0.406379927958753,1.37176752768721,0.445235320689069,0.183622456848033
-0.976424092373886,-1.04703532263285,0.203392145124741,0.0113671348266019
-0.620078965670233,-0.125133933854333,-0.428911684019141,0.532405322728673
-0.190800077964363,-0.942205129273912,0.760076185535977,-0.294996474971277
2.28802088553386,1.33493276099927,1.74195149894573,0.671434478956035
0.788330999918456,-0.718804215653472,-0.212307679981225,1.70890650832773
-1.096439123995,-0.427768934855746,-0.257776819530006,0.0409119332101498
1.30967694512862,0.730905308911975,0.63509552216151,1.1345264053475
1.62230917052566,1.96432466002951,2.785581163393,1.95663941635681
-0.183231318801268,0.362611695138222,-0.237887335106954,0.021505444196241
-0.82661996895804,-0.243706519406256,-0.348160367598755,0.18048999212518
0.177450025770794,-1.42215417752221,0.28097073684513,0.36364521178554
0.0548247886556723,-0.58237505035455,0.583190045849657,-0.244646236805341
-0.666083348153126,-0.842044473470627,-0.441144540137533,1.33576396704061
-0.308238694606882,-0.433534703836886,1.71550482103477,0.363408470713541
0.292790574508557,-2.28998178152333,0.345509176122423,0.295363330245968
-0.771558205766159,-0.585323204039922,0.484787272557304,-1.34983349063675
0.783893459267886,0.536910190989274,-0.887386626522345,0.0173946782187062
-1.13124064563588,-1.49243171676925,-1.16866663150001,-0.899482060207241
-0.420999554984305,0.292079459643444,-0.79395512157726,-0.379362583978586
-0.868799698056834,-0.477117482128639,-0.819496189768547,1.0218587406831
-0.0523987718328726,1.33429865214998,-1.1530376640163,0.0336632129927183
-1.56705238093198,-0.523484330520204,-0.595793951081222,-0.145856791721762
-0.508750529129268,-0.0994202862380616,-1.16071348054746,-0.469236185815025
-0.268031509862018,0.0937786416455348,-1.10993582366205,-0.752308669543881
-0.597660013706313,-0.0846246510805617,-0.143925715089022,-0.192215236187328
-0.051644873324045,1.88527150552993,-0.0719665512601626,-0.243043294281356
0.428621889195524,1.13744679448558,-0.321155247246719,1.62569517913921
-1.24678446824649,-0.882753126669908,-1.09561762413028,-1.44050738940511
-0.116523356214891,1.86104879967884,0.568873656045311,0.487741042378356
1.17066626069312,-0.939407155157935,0.745984848463268,0.0362890203903987
-0.312388421544056,-1.14428702556985,-0.473045134101396,0.720125308919871
-0.28137735439044,-0.602902842461845,-0.536451595008938,0.22866128047105
-1.09031199780884,-0.742989041969148,1.00772702165158,0.982669420458417
-0.532133591038981,-0.0617070561428263,-1.04818920550911,0.190142647067945
2.22196235018676,2.57109210431256,2.35771736627062,0.823237546640637
-0.598567739502433,-1.50404519483399,-0.245838407108022,-0.0462133567934512
0.238319456194002,0.303807699565387,0.472481514423448,0.665212358851837
0.71876048385292,0.0527390769092856,0.774389956535884,0.456278877206783
1.22136532226172,0.258962413877169,1.52669179616618,1.03591462933858
0.951553017070567,-0.728578164968927,0.0421713259720434,0.0724249659030602
-0.525992031277742,-1.41166117963198,-0.321010474156859,-0.447200227943854
1.394540202319,0.63243896483167,0.61292329272773,0.521445376575729
-0.904907289950913,-1.1123443892786,-1.90455236986982,-0.274653621197851
-0.915397650930988,0.437874021009995,-1.38230156470575,-0.680077156616409
-0.579715530435347,-1.00087668971749,0.00838638154843392,0.106257166745909
-1.86066506916794,-1.80962737592486,-0.85684262931324,-1.50057364337726
0.146354475242071,0.267012207479636,1.25791190005948,0.307577126052286
-2.27017132108896,-1.07492968361703,-1.61900773529077,-0.857115457711557
0.0225561762916747,-0.274585212117486,-0.334161051441495,-0.207139247077545
-1.19930780457392,-0.4461078615383,-0.434825284299129,0.820765507212236
0.968198424715925,0.25848128521453,0.0922677117177444,-0.612751359741231
1.61863192455833,0.793104654631677,0.39052959376655,1.11015502606294
1.32000913767565,-0.63534983064554,-0.290385073348786,-1.80475109465929
1.44880070553994,0.304088838040432,1.90648990756769,0.911594851907175
-1.63324318307895,-1.1225412489102,-0.490053519793838,-0.80727109325302
-0.285340871741424,-0.402381272871497,-0.346897448382463,0.91820544106915
-1.442603177042,0.57833455537013,-0.0919428455902662,-1.33370740253334
1.04749019926236,-0.167461028238056,0.507706538435212,1.23525060386896
0.0975849283653152,0.132375954308896,0.775344753919194,-0.951209969670542
0.707105320694098,0.805595386081896,0.61807938839083,0.448903309299998
-0.976100437926208,-0.415997983846685,-1.32185438148317,1.01928321774151
-0.54796399773946,-1.51611430961011,-0.766323594869736,-0.363221117847858
-0.172804694632066,0.309016102016286,-0.164978875705639,-0.604158535462614
2.08381291306318,1.46307872837449,1.69495459799828,1.08312670337697
1.02533596711898,-0.679545294609428,-0.856929332248026,0.756232006757759
-0.708087591847887,-0.43555301293495,-3.00931303230605,-0.795226605118287
-0.733523702837448,-0.6285889355962,-1.63208474057094,-1.38932069063681
-0.626298813402276,1.03668389238006,0.359100232816101,1.22927552749622
0.539611696421546,0.874329591299129,1.04172568834103,0.26838905140856
-0.704149986712652,0.292928203692211,-0.722543404931673,0.450023360481818
-0.535209085065218,0.339469568560152,-1.60278834609355,-0.0770331417644841
-0.66989492983136,0.979992381340121,0.040807790039156,-0.299534745161804
0.491676351876663,0.890813233444079,0.803764360719762,0.0550468846153177
-1.23355215208516,-0.652602671748855,-0.0761613000370117,0.353763636449366
-1.04645392525711,-0.286074776839952,-0.0701547884405174,-1.84028065296405
0.583948524356687,-0.398838351320468,0.637539178828808,-0.291966690489134
0.2580562263294,0.443740455465862,1.17079657261139,0.102090477071065
-0.342332611120414,-0.152175568267324,0.298326759119825,0.997431860633888
0.731567742863644,-0.679271404564194,-0.761705074252507,-1.61301075612977
0.101242937359268,0.0864075449870857,1.13865904147764,-0.109203033041859
-0.174103673568076,-2.36479401930101,-0.111429210855384,0.484333613113371
-0.375726965865469,-1.50347834520162,-0.554263727497923,-1.97973516364585
-0.563325474064841,0.636966845998326,-0.211186046571145,-1.04214888353373
1.81375811280017,0.973301586593575,-0.289604699774827,1.00731079179199
-0.186243942063881,0.452012358216965,-0.0978954627626588,-0.270676214769317
0.630084037093795,0.46769751151793,-0.36235567973243,1.15193157462626
-0.472741927866028,-1.5482566898757,0.0620868559158956,0.0141150678338459
2.83725341477946,0.295971374092056,-0.422353708793663,0.963193102366232
-1.27013600789643,-0.422146804736635,-0.992819453585376,-0.690298652673485
0.309183030758057,-0.0944941477489193,0.566608292208999,0.970993250133294
0.116849729006284,0.664306944706943,1.04652381692923,-0.00813850544583203
0.474748898996683,0.419346847533248,-0.629048215344899,0.0303625038028575
-0.0927357550242241,0.605530518556333,-0.97380783407456,-0.359727350856689
1.23118145046754,0.235624908618385,-0.0724166183206845,1.24889383341227
0.308580318919998,1.62722841770353,0.703149326790544,0.584543710930561
-0.855701476221156,-0.630870327874093,0.362401596500131,0.0374139416464426
-0.0858053347717063,-1.11829237926869,0.557252022276974,1.37015725199596
-1.32740612848422,-0.809799147376687,-1.00200425919302,-0.652418681363515
0.968347785557368,0.96289242039502,0.297841852985076,0.451200109369192
-1.01888993841606,-0.253058311159356,-0.350172627991597,-1.82472805074003
-0.848728570039408,-0.0577324974159168,0.839993148487383,0.412874724354072
-0.429915658968989,-0.607867776260238,0.142016902942811,-1.20682953274099
-0.777303880973107,-0.379604094498676,-1.4704337558451,-0.577866437416449
-0.651473318781992,0.00349805013708038,0.339319188816984,0.382516322869228
-0.00997180279164633,0.78453630752661,-0.74343905305089,-1.59570403078008
0.386209796979343,-0.403891969747668,-0.242219723697245,0.141628041566329
-0.942674325607045,0.984223186618673,0.453144120049661,1.4002271832452
-0.0130527007355095,0.0321022128710612,0.458563358663714,0.691355847860062
-0.868245499008653,-1.02094000403189,-0.609515705200374,-1.30126435640827
0.279559204803178,0.294186150981722,0.135646783166761,0.333256295198685
-0.243079356825832,-0.341704916454267,1.45036635262477,0.726681783689537
-0.400331764602238,0.353927877935448,-0.655048305011667,1.09848526478855
-0.529241816645824,0.924901558268327,-1.38264770716932,-0.121736546612663
0.157096495150915,0.218703090675866,0.11517543648535,-1.03547993813883
-0.394159948154174,-1.6187311885098,0.0418911287969593,-0.862620723192327
1.07513700781515,0.375015648829474,-0.376419463806275,-0.0446446439989556
-1.08676404503506,-1.00488686870881,-0.882009113628381,-0.924985955911577
-0.599894474145937,0.660807757262968,0.624811837094303,1.06843720826164
2.53004973623882,2.11288167502702,1.11723786912803,2.20104096458068
-0.296437621093034,0.248546761848363,0.66904421977519,0.739154637835799
0.163896623129972,0.20177298267851,1.37074640175252,-0.538996227361025
1.39174493406715,1.29280546066694,1.58808175349239,2.47126464699867
-0.828344135388288,-0.43788754876531,-0.468826863016644,-0.499814669196577
-0.973388715976941,0.571719331041069,0.132183814681611,-0.0254321467541838
0.122815830316091,0.191213605885947,-0.117912555600672,0.314824173728629
0.0977148192631735,0.997852751691599,1.00445600254533,0.957271061952364
-0.315105775323549,-1.01400733801544,-0.568094249623538,0.343758872913002
-1.49145882634693,-0.760123316433714,-2.97906064794453,-1.48427493827371
0.753727513862854,1.73760136611195,-1.14959552104377,1.40411238007695
-1.62893337223981,-1.41972982439367,-0.234426905752615,0.375507497909113
-1.52598098489777,-0.466784605252943,-1.6111674673912,-1.32603638885502
-0.0770112495565609,-0.390533876434859,-1.28737748116955,0.159911541295497
-1.37461127835382,-1.01482953456046,-1.74720364314503,-2.09048004777651
0.260950459687083,0.0510941891462426,-0.279528316250237,-1.14357762760351
-0.455309317569116,-0.387033972509409,1.19457549701353,-1.60126971685101
0.837462683312059,1.40742197856562,0.213473287498722,0.0149120666136685
-0.744211464115853,-1.55637758156268,0.0294635405610391,-2.53435392498747
-0.529040870057122,0.562910112554046,1.12858894811173,0.753465608993892
0.389309806432924,-1.1504612392365,0.518262767185171,0.522697960791123
0.364810371044446,-0.0201344486762658,0.353549171286747,0.474612353567038
-2.07341489934609,-1.1501126309167,-1.77810710797736,-2.13879991900216
0.804270708806272,0.0413261341433114,0.597396616039204,0.957683917700452
0.228659208162338,0.407693636809957,1.44231356630389,1.20352967163001
-0.414307968415727,0.266852747397992,-1.39923520426184,-0.709571860546875
-0.118510871812614,-0.759702833597337,1.05981940494423,-0.0872085860793829
1.82046974996436,1.39070557971501,0.718469353759937,0.182574610673032
-0.0936136042017795,1.02750082883555,-0.556091593526337,-0.844118754598241
-1.51060026875479,-0.0109142618615196,0.236957426385564,-0.205044278388712
0.891431126251928,0.428782879720227,0.374511058044032,-0.456164011751109
-0.487371350777261,-1.36037347223495,-0.296321688784912,-0.822793733680385
0.613602520962821,1.6921368342254,-1.11967360091758,1.07817475009482
2.65252814638342,2.48893395387525,1.30863197933776,-0.375101098972764
0.734985113080901,1.66450892741183,2.93946899572081,2.75538906717191
-0.571686349695695,0.728744815204115,-0.804565213457773,0.68380006479758
-0.418090693318683,-0.778368421374976,0.353121342052928,-0.300218592864452
-1.54256511141407,-0.320914945784478,-0.616894647674697,-1.61835052315402
-0.866270113658705,-0.941788528763027,-1.01516421810247,-0.704037905648313
-0.243747695084801,-0.983143218757862,-1.01983681908186,-0.425156081148997
-1.54713546037824,-1.18116388044345,0.748294284295657,-1.67287799852072
1.80245743824366,2.23366802583908,0.787122310297341,-0.0455612353360834
0.0706405855329992,-1.25154707740698,-0.159183553033548,0.884848699464053
-1.7339061348913,-2.19748375408945,-1.42842212593059,0.856936793602988
3.02711479551515,2.35312920882951,2.61558199139477,2.32479414567899
-0.437276173926203,-0.96037361385004,1.34254863167398,1.64749686823269
-0.650566553065985,-0.087230017472645,-0.672389467223495,-1.16219940921574
-1.07002344321151,-0.705262032045076,-1.51279711671118,0.0536316483029187
-0.497810512539729,-0.93258382520137,-1.52555515427332,0.856887027274781
0.802756508275988,-0.420746939109123,-0.669122865958321,-0.140572716074262
1.06114560469236,0.133542970093733,-0.192112930475676,-1.2423254249743
1.17572977667203,-0.0759515881951829,0.987256238689547,-0.00856464945411201
0.452116283642118,1.37654611801046,0.790157581938832,0.779002688568427
2.33376302761817,1.84958467200992,1.1844744545149,-0.0265834907237641
1.14205339626878,0.268901261814192,0.892222087342184,-0.376386555476639
-1.14213541376496,0.663653562890531,-0.329848810233051,-1.24679470250576
0.709118448750176,0.875943422384044,0.830622657279401,0.327651616199643
-0.902322087302231,-1.27457128044828,-0.770170243676476,0.121515031252995
-1.66784101175183,0.889189405540145,-1.32527506707033,-0.576387217343435
-1.09798960489959,-1.3127756665698,-0.433720802782539,-1.65692591020605
0.921112747384876,0.0970050241049766,1.34788117870791,1.50443571767325
0.614355736365846,-0.285120016941612,0.632224726806181,0.353181127989782
0.111750136999221,-0.10282081636731,-1.02162043442044,-0.744944397556544
0.16847973569001,0.442534001757588,0.620798468596535,1.43350627052075
1.8677852888896,1.79887525545604,0.0799675005041216,-0.528355467879183
0.425679586706522,0.653505584788753,0.564096827078243,0.284269813808909
0.613251948043998,1.44899593539389,2.6800552874581,1.48015663228102
0.623060746206933,0.085250011349808,0.0147765357647102,-0.11850687474017
0.105034034534423,1.38470590783729,-1.26778484959983,0.294468679394085
-1.20772319871728,-1.83330619164417,-0.678838843298547,-0.620446006941609
0.496351984340227,0.501271810623649,0.730917949403691,-0.265837172980855
-1.39472587910655,0.0206805247728144,-2.08071802057397,-0.155781323607018
-0.591707741393215,0.226291852323438,-0.184334977118041,-0.0390225563137966
2.09377249560966,0.832058381446359,1.65662104679358,0.985771656517507
-0.0932294641570797,-0.561380727089678,0.120516009232999,0.180694694817464
-0.244356200284357,-0.10067936403304,-1.41857852428301,0.552600368673194
-0.260050155200445,-0.16373023790135,0.402928298167877,0.0718788121336214
0.30175127394633,0.637162226063287,-0.0114951174340897,-0.191759511806669
1.33715092105233,1.16722023870638,-0.88759009658379,0.338406499507918
-0.791840220458436,-0.722189795640982,-1.53923955894515,-2.74195910815201
-0.746675623341038,-0.185205303202576,-0.30597940463158,0.332594489236663
1.2771712208488,0.696582079229944,-0.00853673009501025,1.33793455053604
-1.00914708667262,-0.474406344264245,0.817253110112875,-0.807878136961773
0.115915770999446,0.867665704265374,0.630457147791966,1.08088463665378
-0.0699530850613704,1.06183945142313,2.16140939426823,0.643316740721338
-0.23830083365887,1.86272456922713,-0.443604827893816,-0.359395387935189
0.304107233805548,0.732702132713596,-0.275209679945392,0.802459479878627
1.66172631217824,0.835806768105598,0.30557709837428,0.741877087526318
-0.246806548162151,-0.926731331572943,-1.11852475197492,-1.10135427192859
-1.48597344751085,-0.918054087855707,-1.71256743049213,-1.9610692679273
-1.06378253511746,0.373612321508468,-1.85001317256237,0.579397406567795
1.32787576961919,0.881196221432466,0.650249987456213,2.00854475763203
-0.58271285075436,-0.525290731945547,0.494060763594619,-0.340430289832991
0.251389425780625,-0.485118001838576,-0.911156967281148,0.689454153180432
-0.689769345155109,-1.01086874474757,-0.401265841411193,0.0694119023095683
-0.148465887685404,0.564192372636621,-1.44343256135365,0.181256635130499
1.08621429643697,0.0842365216825534,0.609391024384603,1.82448517409423
1.06653502336626,0.939612405768566,0.0577916765347282,1.64862295476058
-0.474305447923638,-0.32294280704617,0.0661288780047296,-0.977157773338731
-0.97574798084613,-0.712915502214028,-1.0031374193041,-0.147419797975805
0.253447385248509,0.18894195663341,0.237790189310455,-0.708603526378402
-0.0310439187179297,-0.149329506689816,0.750913119667371,-1.23000193448321
-1.3246627679526,-2.07901952528845,-1.62329477484974,-1.09922819457633
-0.823268019940942,-0.216505871748532,-0.733383666331651,0.140338868284019
-0.991045241693102,-1.35336899333293,0.602848586249101,-0.199965168415498
-0.815328622117705,-0.904463014233947,-0.602293824129274,0.218324895271429
0.513615890280987,-0.638714746240311,0.242045531877131,0.817722446623906
1.3975002296892,0.207586211187234,-1.206884342512,-0.437004580666923
0.366187971370425,-0.226135387600583,0.148750936959131,0.916630981120035
0.88400306454807,1.06678592266324,1.78147125472897,-0.0168840023142404
0.423052739301565,1.23199345335352,0.770812836181492,0.992148962768522
0.537260492860608,1.33742969849837,0.223092146821182,-0.595090213417169
-1.95778352964675,-1.35238550334412,-0.931908707494649,-2.27706308115374
0.469584871749555,0.206427132778605,0.0255038371847763,-0.273973455016952
0.506122924184026,0.515145424162638,0.468740382005577,0.676337711514147
-1.88706277651326,-1.55001522785422,0.613576584199359,0.488376319554463
-0.0344409116127855,0.335189709865312,-1.41622858560709,-0.310245214670473
1.32952954722287,0.956478833643976,1.37247487663199,0.887357610675016
0.513752768068609,0.850400484801647,0.0105231825650815,0.751137516118299
0.923317053237361,1.76264141749733,0.993914623731358,1.9451772009094
1.45648045672454,1.46418210777171,0.922029721444173,-0.286924234761415
-0.0392037363288278,1.33570332603018,1.10629607356848,0.159212956544731
0.0982524888840346,0.46158481837102,0.102744220472313,-0.339679646182018
0.661777305747554,-1.51020585383994,-1.05645890668029,-0.514205167142736
0.773023945178443,-0.126325037184672,0.1350474501834,-0.630398127969376
-0.770891930569723,-0.405185814794925,-0.232535808869453,0.405884435590083
1.10701113864215,0.604306489913238,0.569553877459487,-0.362648970212141
0.359782332301331,0.0387252523583064,0.988429810646895,0.00248707967694523
-1.54938066597351,-0.0466288797819942,-0.927609575146966,-0.552236807231857
0.180841074136726,-0.834073550373508,1.55737297979987,1.09436894930172
-0.700570355897764,-0.194469865955473,-0.706001557490871,-0.574332604826188
-1.66010291774087,-1.34847948706142,-0.291809271156937,-0.192790260367358
-0.131389141847552,-0.0788076184584046,1.07612037615372,0.307251085727592
-0.215859710529993,0.710668648115051,0.151395787390659,0.00848593414874402
0.235541160424653,-0.553674522854513,-1.68601132631672,0.0234060817920161
1.35530370938663,1.16216446456139,1.83307787866386,0.887515182627992
0.111092899123145,-0.533535069119879,-2.26182769183722,1.39252500196197
0.804725611946611,0.131880926216763,0.0934322344155317,0.3303797009723
-1.43870788684895,-3.28898067280619,-1.83699597712354,-1.22736417265911
1.4766693897796,2.55822009349548,0.965209923078735,2.63836121587668
0.6391261587622,0.337466435980254,0.619877841494689,0.731759950761294
-0.873413025745722,0.249287684284873,-0.495301130157578,-0.869465596455504
-1.04057366413353,-1.65527127286512,-1.23683050918492,-1.71644649974051
-0.861151709151583,-0.385763826845655,-1.59164255612961,-0.129112735644339
1.23487020580355,1.72277722197767,-0.228441554377042,1.04001317119821
-1.04838728467466,-1.56002935925606,-1.47168774373024,-0.826335205832166
1.27122758871233,1.60130250610865,0.699569128969338,1.507399716167
0.749946830551352,0.140343965480048,0.56532759589922,2.00518135307528
0.255994762493048,-0.758260964391767,-0.429899073013621,1.36378675089761
-2.74258001118237,-1.11042889987427,-2.16201697284135,-1.60902061527804
-1.36522922616339,-0.00286725907346014,-0.239105826039491,-0.155955987296327
-1.83354936203837,-0.282521031258137,-1.42344376305731,-1.14861045677594
-1.702483528996,-1.84281652189832,-1.47191762146591,-1.24252070592375
-2.19710943346712,-2.30112393604585,-0.643844673555568,-0.194104717506462
1.49641353879239,1.34426960374343,0.563036729318259,1.90420495302747
0.110006996138055,0.0075149919211921,-0.155839861385811,-1.73197019556472
0.254675447992894,-0.332397550294233,0.199378154908239,1.36925429625223
-0.873100896570206,-2.06197294285313,-0.293482200938613,-1.13587374156139
0.376238233229089,0.882549877882345,-0.936767458040067,-0.13295108928057
0.545956197367647,0.565341957823431,1.0749270554061,0.886877745567658
0.435137189535489,-0.863824609848466,0.805745993118594,0.458097717774402
0.496624907327053,-0.73374280805322,-0.556399710462926,-0.359489701089193
0.338462228574252,1.0881918261001,-0.627244684987561,0.292898173167502
0.699870741208918,1.4981401925437,1.27389974336896,0.0238210508305281
0.658968089734489,0.67314973926195,1.06811832521048,1.37323243469223
-1.07454307683853,0.42541693679978,-0.484937752439161,-1.02127759036633
-1.18075481794628,-1.59984684366399,0.367072896806954,-1.42450405632311
0.169742274237381,0.462234798189562,-1.0643517735316,0.416012575040137
1.779802472769,0.0163567885888613,0.760966014870601,0.881056063916748
-0.531232588801066,1.66503265724608,0.847008518549326,1.12111318868415
-0.811127736513177,-0.449749585965148,-0.603540062734151,-1.39436049960348
-0.930390460454359,-1.31583479049939,-0.320899100465268,-0.0793549960083146
0.648279974081036,-0.916991063213371,0.912601453569018,-1.20545101000457
-0.748557330987351,-1.80073420479035,-0.830195526995104,-0.780779860334147
-0.581074552804776,-0.445207179254076,0.899584163270094,-1.73343292294479
-0.778084827988976,-0.780740745054314,-0.91941348322448,-1.3525966291072
-0.598546334096852,-0.526971094924636,0.439832554592416,-0.675558157178351
-0.0022871928212977,0.0922797101107203,0.783731407738713,-0.628368697993751
0.718308698107665,0.625293831717956,0.520957752415896,1.10521176560147
0.476962705110063,-0.501672991794017,1.12468349817862,-0.373696264128646
0.732291042607324,0.620101731198681,0.13654351110868,-0.888454207394044
-0.910747918716464,-0.877961724090114,0.0883323656558374,0.950478087690054
1.05239987893903,1.0476514734642,0.735325213217093,-0.396148473206074
-0.00398021338105344,-1.24651049064931,0.984910795944806,0.1429225316981
-0.657875358697235,-1.47796999890261,-0.612433041166022,-0.120882024488866
0.506982238042352,0.625763616903541,-0.505016033068447,0.182531459607988
-2.0920034009066,-0.978077872720502,-2.07736540982898,-0.464267539727585
-0.813832832063892,-0.738546567135704,0.242137301853796,-1.1909527153598
1.24031958831647,0.240207611104514,1.29501761176102,1.31572563752598
0.0624166397273503,0.240395224316482,0.48542266554248,0.258502742027417
-0.645430110382711,0.0391373063135018,-1.08484616545563,0.305141461826633
0.159171770442517,0.0665981302513753,0.467442971892806,0.0175956590609057
-0.295846709451168,-0.00870432089829692,-0.138182750442688,0.491241444693972
-0.0336020522781312,1.25312033185264,-0.479600567226284,-1.34883558330037
-0.729116383902103,-0.80254856894212,-0.993639964131031,0.08537594970949
0.233979381484322,-1.23581886186258,0.866161531049333,0.367548019446179
-0.517822280243165,-0.938811949976484,-0.432811486232588,-0.203919500429834
0.651841199986105,-0.340503401644987,1.17895411502202,0.803384164363211
0.313805988840345,0.675038460147336,1.78323983895197,0.98239161804692
2.16400784316349,1.29852758287456,2.06146788401172,0.617061485948041
0.534516483794495,-0.0664771246923849,0.542621257278169,-0.761286120385865
0.0610072551571392,0.162385049545257,-0.545965294904013,-0.581144069078476
0.672557914950279,-0.744662752828937,-0.221065890057239,-0.16130899676218
2.71380864986321,1.67057789212315,1.16155103376494,0.885175949311159
0.208538642215661,0.508201564248655,-0.36548992009409,1.42098074819375
0.245019343660825,0.45521861847284,0.708809153617174,1.36519989734816
1.10699189159033,-0.0396260609330178,0.479328434234476,1.47667809576117
-0.677539566056821,-0.223107882844159,-0.651162347517869,-0.304750388748047
-1.5379478779614,-1.35909499822472,-1.55259112911205,0.889153709655638
2.13609933284432,3.38858336476444,-0.855306555844586,0.240733741493522
0.303118705285666,1.41401192161506,1.660075401271,2.79143842968763
-1.26551616387766,-1.48985663298412,-0.199995945933341,-2.00806993849167
-0.667696308855338,0.336708790786423,-0.585055822429393,-1.03375497274882
0.85757172544748,1.03578399214139,0.644740805227414,-0.22102276837833
1.49607694879458,2.06907713267709,-0.290754693187966,0.566809911130464
0.508487026108838,1.3487658417237,-0.0868835295136465,-0.116742837240421
0.597772855755465,0.441448443748168,-0.827478092912405,-0.285707963016343
1.74937814390898,0.170466759939984,-0.738376914741147,-0.454566361270212
-0.473970716655091,-0.69601142140793,-0.333764341436238,-1.517270211383
-0.429488471611113,0.9848521124438,0.539942380368779,0.356355813283849
0.796827767501269,-0.286940187267622,0.464309096910458,-0.108532372376248
-2.10307889160119,-1.26026504627645,-1.65311302176169,-1.08729134071826
0.257109668202959,0.667782732439754,0.48800127579447,1.77564992128482
0.411996064451348,-0.107262552126622,-1.39295403832947,0.861252489796837
0.359056093827577,0.607943392379536,1.83392164009235,1.9076437008156
0.81334495609423,-0.371116873938872,-0.402739747771144,0.377389749639805
0.310770088465672,1.07774526543907,0.528068581957444,1.49519332820492
0.630191148044862,1.53472983462705,1.34904784957147,-1.1211707163565
-1.01796036751326,-0.0104068130980613,0.262788266664172,1.43234029883309
-0.113228200342314,-1.0261764513864,-1.11649863891013,-0.20513914613598
1.17808681087235,1.2293315763244,2.43233272450224,1.31749171779553
1.10157151852016,0.502229797804136,0.740855116927201,0.0910204762607602
0.558280293589784,0.124232757909184,1.4839742830241,1.55067225479868
0.095004425803055,0.282297035127925,1.21824350258251,0.719862506228708
-0.365693510441716,-0.0289063940337834,-0.0745589478492517,0.62560631687179
0.480021641678689,0.670536189638641,0.531324290837981,-1.08694975851358
0.450798002750681,0.631711748577364,1.1708332426852,-0.13709496914304
-0.54548838071238,0.549077732432253,-0.540875598072085,-0.954145194131769
-0.145910342586012,0.613815475442455,0.740935348653953,-0.154851899351883
0.420966566332562,1.67865191588918,1.84591696198422,0.284086164074859
0.390006598231369,-0.458379911762455,-0.717118896236406,-0.279569392019745
0.614885887626773,-0.209161586943586,0.456302753173757,0.97299733897709
2.14582873866226,0.630855118003091,0.054753486262615,0.802637746626886
0.168854481673035,0.142845900317458,-0.359146568606468,-0.361320475331519
-0.763191205264773,-2.09825788534245,0.844697936435466,-1.00287655212908
-0.433757678927688,-0.31202320659299,-0.69165546578683,-0.620756129908549
-1.27937586921857,-1.59982996217894,-0.0496002601639295,-0.666321684302486
-0.257666917600796,-0.72886843642519,-0.531803851166947,-0.376205551957515
1.28498714469881,-0.0835580925189057,-1.07714782389023,1.03358443986635
-0.89986637018863,0.0604485481397981,-0.25225207361644,-0.590930939383996
-0.714969853144384,-1.58193981829638,-0.69428592285313,-0.418266742856078
-0.352573403057719,0.121807665932494,1.67558478813642,0.22131354405431
1.20891064079965,1.41389621341979,1.35856268390591,1.16574810537078
0.361582298602813,0.0716974929690318,-1.03800836541005,-0.242640670385298
0.628352347508148,-0.0734796317048221,-0.59147251967663,-1.03705163430484
1.10040702270475,1.37367686402973,0.572603593144308,0.916402584735436
-1.88483451963742,-0.900671645154318,-0.959768275831522,0.196420219364277
0.0307056199434583,0.571772144644064,-0.571091995582632,-0.340598497619014
0.057559892465405,0.57851399917062,-0.497622745166537,0.390636535704573
-1.22759335035034,-1.07883705996746,-1.56530682434336,-0.53629298644362
0.196581220043826,-1.74815578971413,0.816170026715255,-1.48278839449265
1.6762547348265,1.41192129145573,1.21409182516583,0.120426501212235
0.434966758172626,-1.24322598679167,-1.04486880725695,0.379488837497428
0.546415567022847,-0.608175567742448,0.417097836731652,1.54204509520123
-0.247469405198313,-0.330538320919594,0.299855144541214,0.359466137803054
-1.47651554668566,-1.10456254048867,-0.00156908422529169,0.323752392290149
0.881269910831545,-0.134958103797011,-0.348378807469615,-0.219684750072453
1.07428292989023,2.64473405949231,-0.4397951504491,0.900876774360784
1.79939791862712,0.514391999456108,1.68648777679151,0.489286239311879
-1.57658793449108,-2.60559408333186,-1.11213240190117,-1.55723311269903
-1.16120508337108,0.332173423181376,-0.534848595752387,-0.277190315476763
0.611909328332993,-0.306849848458628,2.27785230261181,0.958040918276985
0.295075182197236,0.366447628085094,0.744672941114294,1.78152434664995
-0.56566251861687,0.147079540713297,-0.712634326023443,-1.93778345478786
-1.56375117863622,-0.294768454059765,-1.71887538793911,0.930278398430805
0.28155655418057,0.284833509312828,2.3206432756512,0.210839173170136
-0.339882041971128,0.316408037271558,-0.268808787253166,-0.822594081068776
-0.595253075157034,0.426480195306557,-1.61608016891923,-0.171407455014895
-1.53434996520546,-2.04018269091975,-0.835008638439777,-0.17466234326389
1.65964735199285,1.57439214524756,0.735149942190078,-0.19572929570774
-0.543517081031782,-0.393105565963253,1.41331109337086,-0.00991957948288144
0.40987988355632,-1.3868388476121,-0.446643305652772,-0.520390437826779
0.346304163029067,-0.714493273757311,1.14434954756442,1.09671934495237
0.868974632604739,-1.49223752079072,-0.466965797898247,0.241911211269171
-0.899245312757151,-0.764641034321738,0.445008527365091,-1.26415033060212
1.78332843429355,2.36512739103325,0.702012819962686,1.0464306281947
0.873919359110775,0.38397484278011,0.403546993068753,1.23691413946164
2.15177940280278,1.37442724991028,1.19653874245495,2.23119791079649
1.91582963376007,2.06673443586023,1.77754726149556,0.416689399873302
-0.420544110416728,0.0132804310127332,0.462826763972584,-0.500619160397043
-0.497293774615189,0.692338486474083,-0.364734459901998,-0.0187675885648252
-0.370657116062823,-0.495427655501835,0.0683389674061671,0.404610902565986
-0.342370009862984,-0.729605954474725,0.56005685520823,-0.941711660930866
-0.348476191296842,-1.39782540141503,1.35690703510095,-0.00738978468741049
0.192619135911669,0.0212617696054497,1.73558669657156,-0.721012600178952
0.530478972383259,-0.167515102265123,-0.349105997854238,0.144006376179408
1.05955657572417,-0.00811796905866824,1.66532272853139,0.360043424655506
-1.05638628169048,-0.231330295085936,-0.191926958349832,-0.43030231220403
-0.424807190842844,-0.115616660677046,0.368646071401038,1.28011907074471
-1.63371062749825,-0.284984761220595,0.0893995628706385,-0.765186673416018
-0.38856197927458,-1.1961043211787,-0.252814085466368,-0.244143631612655
0.793960700176339,0.878907590185359,-0.218270373381653,0.704389390191992
0.353440287243822,-0.836269509896712,0.0719614892257185,-0.662797123388396
0.625216240637516,1.40999977881635,-0.309884144634113,0.548721671447624
0.579618282783779,0.045936376876692,0.707073634379961,0.528085323133825
0.0817682453775606,1.04370539671291,0.124945193187105,-0.353992714072511
1.30054927737236,-0.0158883404504789,1.05674969479745,-1.08569481964968
0.241461874564043,0.842074322713687,0.521474916969818,-1.34564790556339
-0.185759179861776,-0.639388266328156,0.152005760083351,0.557240662942529
0.173560362962422,-0.970103526563245,0.782680587929171,-0.93036162658353
1.50994392543671,1.00026192718906,0.261405254145658,0.126727881682214
0.480867428806778,-0.545929634491782,-0.0247287622536703,-0.0275807387098671
1.85843116977422,1.42358481793679,-0.398532768227253,-0.507169962568945
-0.659394768011732,0.162659435522645,0.823398036421431,0.900491210734274
-0.920829410579979,-0.654340151297817,-1.04262574418745,0.156415158900206
1.01085560340127,0.37507836433596,0.852630859135964,0.283971480714536
0.582538999262143,0.649901537315412,0.716205511697006,0.870435007235407
0.740572129935892,1.88442043435273,1.57968042955197,1.36288896499424
1.87926163178451,0.936518408317372,-0.507841811302964,2.14409551738573
1.57361061035824,0.52253428334156,1.85301301968514,0.647053340536557
0.192919635272021,1.01519271464556,-0.0759078287087805,0.327176529564923
-0.158757811227477,0.407973745233695,-1.52140635338382,-1.7231862036406
1.22050798464858,1.69383845205378,0.145103019227948,1.11537876041271
0.0548260646141358,-1.23966296020073,-0.197699579246043,0.0297488553767592
-1.1950374917833,-0.262634083561609,-0.812897897240588,-1.32651115367168
0.45345900766398,1.48354229901192,0.232839103532333,0.317107048569971
0.041362551958272,0.0889320013139368,0.0656127143020999,0.413424292935406
-0.414971089702363,0.346561283614648,0.0137248771141993,0.241798047046577
0.432317890242555,-0.198220155319547,0.326615835376364,-1.26487746151169
1.02637200036056,0.952952327755071,0.782011154938344,-0.598778720874296
-0.683547601063868,-0.580661999415923,-0.176855930642675,-1.72050324610784
0.0541279578897466,-0.0871792932894324,0.889168339900566,1.0123863565188
0.123909423028483,0.635278369608116,1.26163974759401,2.43229243842557
0.0284353339741334,0.919876046921632,-0.654738783875263,1.18626234532529
1.57085090569226,1.03927597381019,1.00837794973103,1.79819037916734
-0.5219798053845,-1.16803172375809,-1.12086734376387,-1.50191816148292
1.33885930887291,0.841005269003199,0.606773035756681,-0.259283906577779
0.522886238901732,0.483821685759727,0.773437677938874,0.772628877192198
0.0974887598476479,0.300852537901251,-0.122133592100532,1.29006405167417
0.0461118515445727,-0.786608021075002,-0.143054991216558,0.759321485088027
1.99753959287865,1.57890779812414,1.64465539705335,1.82408820027997
-0.757068215040114,-0.796014308361966,0.329333203351731,0.861429296968628
0.790967662567582,0.288983506539285,1.6749449606908,0.666897084482721
1.65179611338261,1.05812515650902,-0.468998291698732,0.697599302262499
-0.788573632991029,-0.165893880225294,-0.728460712165286,0.00986479500845022
-0.738053845771848,-0.310174644571104,-0.014280776996036,-0.792919562761403
0.115473507847163,0.123660714256651,-0.904394842178705,-1.77666700403135
0.700116920474294,-0.285303310951475,-1.26469987239499,-0.112110432275576
0.0363880818412811,0.638242180051977,-0.0326367571852886,2.51595367230826
-1.03692026368725,-1.94328873310566,-1.12963884572971,-1.02645433063355
-0.0915531530729641,0.716590461900544,-1.60702826879022,0.442279036464662
0.546245011588456,-0.202484328703462,0.217300230079432,-0.538046629070186
0.146324702192668,-0.323142155354359,-0.302399194087887,-0.254639799851675
-0.188696294120851,0.625300405791387,0.230821573088763,-0.967238074288377
-2.24527518510035,-1.43054874442506,-0.761436409960008,-1.07145513226305
-0.0243623954842698,0.65693651650464,-0.495577956659584,-0.238842712457386
1.12782808045792,1.18499434111461,1.4538988955646,1.01334464897541
-0.992729251871491,-0.271373797334942,0.70729022327583,-0.624002179251073
0.298643978654178,1.11215281013746,-0.231146033527597,1.14302198422356
0.138531843241254,-0.596953832027856,-1.2400192891202,-0.736469176954835
0.0301178442019883,0.216368669118434,-0.881361203074889,0.501535325118803
-1.07355699336381,-0.363468924943417,-0.134370690426342,-0.238110074653562
-0.400110165584866,0.513875852341586,1.0244420624128,-0.337743967429891
-0.381069100574758,-0.799368608194783,-1.73931634854364,-0.767081748841246
-2.4116042933471,-0.887843041820269,-1.03815571869283,-1.13411739081583
1.72660476365776,1.41495987233933,0.0914245165499347,0.00840063938519635
0.331777703155463,1.05042300250678,-0.450375308754735,0.0843112889080546
0.709794094796776,0.596595703920796,0.369866687933725,0.670808485505239
0.566305158589059,-0.519289228388002,1.78316808005738,0.998201341654208
1.79587251854936,3.18149775562968,1.27123304114094,1.6583502704898
0.0997913335065491,-1.7581015075776,0.283573384180164,0.807065252208763
-0.0976526476603652,0.0939236590507187,-0.0777868788835924,-0.434591241434302
-1.43284334155831,-2.25342413851154,-0.315522684946815,-0.868937817726755
0.448325594455061,0.963933741480988,0.362653514066702,1.58613958510193
1.35121974902137,0.697665674219585,1.50421092170083,0.162891820690278
-1.28982245219041,-1.6012377680575,-0.754590871601503,0.38639678749371
0.221645743008943,-0.819549923665069,-0.203005761295993,-0.113990590514628
0.453687087951269,-0.204030904620449,0.396512862838242,0.683613029020926
1.86126948992799,0.513920409963765,-0.0376323077154062,1.43166989390192
0.273970089725052,0.178219595601478,0.00780764214606891,0.132463812485781
0.736896580697207,0.138755576245539,-0.383537241567479,0.799518394751271
1.41528554012385,0.654932270150281,0.334878920117099,-0.688840939525102
0.594051734643754,-0.388763165289436,1.09945469409226,0.567604740142663
-0.596699589007515,-1.93380556684384,-1.11149776999705,-0.568531116953237
0.478401126430242,-0.52006103386984,-1.95467097399546,-0.201453744536379
-0.374743453963046,-1.0470063947089,-2.07461061717183,0.916361709579255
1.45535280594479,0.293717612035314,0.787218016417514,0.0960044087019784
-0.0604781632335449,1.0145393588198,-0.169524252800378,1.10638165198784
-0.351141131676356,-0.885966500995359,0.605869939013175,0.319059001975887
0.723571238145948,-0.801343824948,0.894489720610513,-1.20719003993266
-1.5774284826946,-1.29774028252687,0.0829646671653089,0.960162608185018
0.881638169750087,-0.154509310977458,0.0633526096941339,0.322371715588115
-1.20377929132453,-0.719276444604027,-0.809328169080772,0.0943500026238018
-1.91466906010171,-1.56801957429781,-0.619458137215022,-0.232612530523575
1.14324843075888,0.00605384517479016,-0.146657469937767,0.7466030419062
-0.676481641731074,-2.27571637866831,-2.23735181643722,-0.0561455141933487
-0.128492586746607,0.883132714371248,-0.0626302458732596,0.78902189214252
1.31467709643879,0.552408456661802,2.10720737292202,1.35044952746783
0.832444555703462,-0.201908224186106,0.418670950640039,-0.190311424688562
-2.23219004127456,-1.42107277447802,-2.31407133077792,-0.934945169351401
-1.08948125366418,-1.01016323541224,-0.350502529482341,-0.656096672257201
0.238055304325684,0.0346231219735059,-0.193275343578274,0.178205283476519
-2.4627059093773,-1.58736148047021,-1.47741593065219,0.0483547740565747
-1.65553587091369,-1.06610880773574,0.309185557102412,0.332038823098483
0.0445174350108878,0.0850402843425135,-0.0984720434018661,-0.805278033320402
-0.10252126647852,-0.581043516781739,-0.888889722710463,-0.643235791809598
0.283169814419513,0.424777407631039,-0.565296352826395,1.40267809586241
-0.906868158616726,-0.820554229226181,0.360273789918922,1.65615537323005
-0.82769881806375,-0.553200971071452,0.289082877389379,-0.803061119600022
0.016651669468319,1.00002897867934,1.19023350237232,0.412179260868565
0.802844697864559,1.52014511366059,1.99023854640369,-0.077896635553536
0.178988151275024,0.297422874879846,0.91657185519088,-1.11256556414523
1.14644729578962,1.72158872846766,-0.133036574016309,-0.523376223503003
-0.943863124529045,-2.06402268911552,0.291527247287029,-0.35014298834602
0.27472941734896,0.0589877138036214,0.572358767577751,1.04297360819339
-0.889673841629602,-1.06706116088194,0.182213344714776,1.45811757011966
-1.33144928159962,-2.12463944003036,-1.23777401329205,-1.05876485206604
-0.641850745883326,0.727356083059431,-0.424464714164748,-0.0309038437348616
-1.82630224182987,-0.79050209170457,-3.0875337021803,-0.547374565584418
-0.020257477280422,0.435497765975095,0.1899055233929,-0.500645835852661
1.34224524332107,0.17065673568652,1.23784716286112,0.81234383514963
-0.0180375905378101,0.113440336772926,-0.413325274559235,-0.00290274229069111
-1.09454384001179,-1.13150834880179,-0.959210886653623,-1.19422326893405
-2.21722456866784,-2.00399517085278,-2.36003886737845,-1.96823163751042
0.705097131754706,0.752053519057568,0.509468241246032,-0.0450969511408034
-0.542612846688499,-1.36051702943706,1.18649515344007,-0.15686437113026
-1.17960300194855,-0.576397655157238,-1.5679593355073,-0.764794857910472
-1.29489646042027,-0.188440384942136,-0.0568716972309231,-0.362632469492233
-0.486074103819727,0.192731553647668,-0.218763862722181,-0.136641117008141
0.620789429725554,0.327500973117302,1.10054649135157,2.11757806495502
-0.523304787603879,0.819544930269801,-1.36308006929797,0.40525196806946
0.766143011693257,0.595954623380091,-0.175300506261258,-0.192685388538154
-0.379702438339249,-0.19311984554232,0.831554502907032,-0.239723860294436
-0.6859704634045,-1.17894797348076,-0.117549232794738,-1.2680239659572
-0.23429400334838,1.17602732532473,-0.30461995913612,-0.345281219874836
0.659230398027837,0.876849266024143,1.39806097229082,1.12066216918468
-0.214414708234484,-0.155894874161542,0.0490760449762629,-0.866993663877782
-0.0693310809680084,0.335759257912492,0.587196370939909,0.436497968848744
-0.209396455285355,-0.511297434986468,-0.651030700500751,0.239513079992306
0.652007011943301,-2.42639685451663,1.28335771950704,0.247738682837813
0.873809200047845,1.90863079789263,1.33210495531407,3.04019775412681
0.311068483300922,0.421596104398447,0.549159458858745,-0.639126936580355
-0.441788400585974,-0.682274442984352,1.36469219421153,-0.374687759593589
0.209325783529352,-1.52386279403293,0.0618660897410349,-0.034998961313912
2.03451729266637,0.0187221752896182,-0.372535441530702,1.48576822163367
0.606107265119223,0.0679624170923953,0.552383558784296,0.0876477584985435
0.182332028962418,0.0321497978812398,-0.881689854456351,0.940604317046917
-0.606318113811694,1.14486604915966,-0.602797670810504,-1.37566922074206
-1.7294947060879,-0.10129051725669,-0.986446742654733,-0.713094154896316
-0.247630609237301,0.650462981604269,0.05919918510261,-1.42399747391018
-0.629343861914143,-0.024610221291879,-0.142422000987332,0.405893115596547
1.10072841508743,-0.0559561810685897,1.59260784892385,1.10790576780691
0.997534568553554,0.695212380257626,0.725294169525553,0.570566867149631
1.19844860412237,1.32156242247968,-0.252230473495172,0.680929207992249
0.83965711083855,1.89502937074241,0.714781186848189,1.6035533390621
0.993676552737132,-0.510771705625049,0.695289310505707,0.241337474212901
-1.02906220039194,-0.505300194525471,-2.07663617932959,-2.03608353392919
-0.276534576223484,0.162246285065118,0.228867314917581,-0.276142311264901
-0.185081205089414,-0.825140301483642,-0.535839421323205,-0.229758287451558
1.71098743081373,0.630466183166603,2.74735811810047,-0.255613490821469
0.243533151230095,0.799151581778787,-0.337687745600669,0.207424903935529
-0.403372265824892,-0.247124317852095,-1.22312674599348,-1.13168800635805
0.914947965631919,-0.811962706948459,0.287818159649197,1.35490271746688
-0.0867123340261453,-1.3154650470729,0.44118037278744,0.0221118143847074
0.75352865760848,-0.0454444706382939,0.141802501168054,-1.02881930999273
-0.323021543136001,0.338315869050812,1.08822958794922,-0.234058258399701
1.12154884052136,0.828932572295065,-0.0173728548138438,1.57278758955059
-4.08946495918431,-2.50845087401709,-1.07636852635421,-2.43050625307207
-0.515004835892017,-0.715956106036683,-0.2970379642399,1.38164609394967
0.0833082719392918,-0.420530547826724,1.24613743663132,-0.223366241052261
-0.0659838883820223,0.750620183555556,0.111013815668437,-0.400827865451963
1.08263196052784,1.45995337026913,0.0741907545525008,0.835498906234298
0.377778788133489,0.459774521679863,1.39963382050305,-0.3475749180181
0.523534561418279,0.400683629591325,1.43162166241055,1.01800955796641
1.03697192119642,-0.398422974213252,0.322315309390952,-1.13838776635186
2.06054945159603,0.343180724712341,1.92636833729657,1.32095124305053
-0.938376959988548,-0.743516456678332,0.0705331090379716,-0.803117266647954
1.08191350623946,-1.20929220145244,-0.335638795624083,-0.599055218442766
-0.445124899622164,-1.56060715220173,-0.570889114327752,0.284162826261045
-1.44385374687764,-0.546905329197606,0.151782366931534,0.676156673015925
1.01884505569795,2.34862509289765,0.00315797355739622,-0.213976161248502
0.613046068466397,0.335102668725325,1.27828034731623,0.893098593361421
-1.20535288685517,-1.13717806194783,-0.743905765070906,0.456895580044892
-0.341254596502058,-0.131017552764844,0.20512774230157,0.450311228382202
-0.824770036363602,-1.05869373987055,-0.167917644526899,0.195872490220964
1.57094474616425,-0.526800852383317,1.38846579504532,0.282348464726603
-1.33322618543273,0.154864182500894,-1.4537948404582,0.246336655526125
-0.26688260188508,-1.28489456183633,0.207252996127415,-0.921178273225746
-2.14340764490961,-0.341041325796008,-0.364342985235887,-1.06305437441154
-3.402730695526,-1.99374756054763,-2.0559711104929,-1.917869126938
-0.11877134969115,-0.563619130067452,0.020054841855849,-0.547883470239144
-0.344502183183818,-0.104262833178386,-0.665357529799447,0.711474815148953
0.722373109620761,0.555951371370519,-1.18679938907033,0.568507174119313
0.921937946356704,2.09410597782043,0.503666527934114,0.966737110230418
0.0208974596784051,0.685071064830902,0.286619714974999,0.30363038379252
1.38325806860239,0.147699348635136,0.663505633433756,-0.108661094783393
-0.538331838564415,-1.51137295403105,0.420296845739132,0.670472312345035
0.465685173100081,-0.944983857030742,-0.0978350739415263,0.697345090462005
-0.343680870426284,1.9318859047036,0.682095458803396,1.37004330204658
0.520298536478641,-0.425247704804731,-0.503811598418222,1.32795898290389
1.54250209346693,1.74258924334258,1.0299545544203,1.22801808189976
-0.243365118500519,-0.766007414434948,-1.41809482278173,-0.111748175505534
-0.0433380852480523,0.935000375487249,1.17866272617879,0.551990692821608
-0.22798803453295,0.686307657300407,0.221811861366215,-0.16837046938254
-0.688105841490522,-0.705319458778628,-0.218532244571936,-0.069691034323674
-0.182631439056382,1.55723790272566,1.07060622906301,0.572177518343497
-2.32973787020804,-1.6830328951348,-0.496836939750991,-1.54050396490292
-0.760528657371979,0.0409942627673905,1.12549170172316,0.0409208191262924
0.700752367077123,0.966301362661849,0.317195823607981,-0.457969004605279
0.150379318204811,0.0939359454759646,-0.617200933746061,-0.200103932457489
0.367825888993725,0.360912064791475,0.950349831604643,-0.897791506137794
1.01683613380872,-0.141625401530785,1.11538129104832,0.323037848998977
-0.541547748487653,-0.069385577811676,-0.21012931026919,-0.928634989776146
0.88766079337759,0.315428936852468,1.07287644215919,-0.84567496454623
0.593387216931504,-0.516622157344515,-0.343486316467332,0.240974313692929
0.403707041724541,0.623216278717832,0.307210901834689,0.829235444293586
-0.321151085120502,-0.406975406973096,0.0564847140297086,1.64978056756257
-0.92286020643915,-1.12566031479672,-0.3339422846705,-0.156286540590403
-0.09865889778318,-0.270648286677885,-1.80943139195625,0.78977334868274
-1.09818280388484,-0.591752066612324,0.828622305341991,-0.322207310449465
0.56629934268003,-0.979389885241115,0.653740047311062,-0.12916849844289
0.797786805888115,1.87633743602277,1.54996958722906,1.81698291758321
-0.122609362610384,-0.807877273282906,-2.11904513784964,-0.0144851813960378
1.00564966193732,0.438773785873863,0.405657218347679,0.476483633849727
-1.01003325966931,-0.294516839142292,1.05031604317907,0.545800560805999
-0.598949887230411,0.251246829964997,1.04077447241916,-1.20260001562373
1.01276985704217,-0.112225023183493,1.51401055726244,-0.111062339265672
1.35550551496136,1.7302743510796,0.761602879796112,0.538752244722017
-1.43780204789951,-1.62104751702785,-1.330661584495,0.0525916356999441
-0.709286129889382,-0.195996565635694,0.963768338484209,-0.755126768830409
-0.718426894664779,-1.52097492935176,0.0371421676582012,-0.635678350011354
-0.888345294116892,-2.35868699835644,0.0325653987138075,-0.81367665866465
-0.581445857632576,0.329673440544615,0.838559765234714,-0.0904039585654486
-0.090510495375678,0.352795257084501,-1.31083086076255,1.27240991160751
0.414819112080118,-0.49401528452239,0.971086839102105,1.45858232808769
-0.845834070770344,0.299908769437467,-0.463383296165617,-0.0878907812824392
-2.33310602849202,-1.00355814555449,-0.335066263016922,-0.221250894661014
-1.07579992425291,-1.47501174191434,-1.02954444823204,-1.52351755163304
-0.347655759337596,-0.482294251165577,-0.539569421236469,-0.991979388884085
0.728481163413662,1.05274321155433,1.50238900322309,2.14015193839679
-0.980063868600151,-0.493228471226611,-0.525859430536569,0.0711830147582665
-0.158695291401583,0.151319839020445,-0.851143403583287,-1.5299169875657
-0.236940664840293,-0.411975679893025,-1.15627721983082,-0.825762705917281
1.56634035415827,0.370400945513023,1.2511168466019,1.45636111578903
-2.21338244504715,-1.27715778470393,-1.55630476543765,-0.289931129327145
1.40325964258589,0.0955777341943683,-0.548441130306322,0.728044673300004
-0.161869764771373,-0.253661753066491,-0.894186970473871,-0.999914281393585
0.504738394603411,0.0861037174843061,-0.661076481283179,0.296563883423058
-0.752947424325683,-1.04834218319056,-0.474385443922959,-0.591384699520581
0.0110805596619642,0.740679115762512,-0.386803030693375,-0.459594646807907
-1.97084206981195,-0.602989385306072,-0.0876763122215437,-1.13967889551712
-0.872352892204568,-1.49465661624184,-0.983202355825975,0.824678529540391
-0.614389393248623,-0.415628957922426,-0.379091575078848,-1.00461305643001
0.504835147764846,2.27583696474054,1.61013295582041,2.61164774909871
-0.332613004462807,0.791400164198727,-0.704951588906968,0.21177801115249
0.597753142902409,0.5490140430482,1.38445803860126,1.44480225837105
-0.364885163986515,-0.0142172218434998,-0.424687692784619,-0.798633433042157
0.570495038828293,-0.386108500238352,1.43201434142251,0.335600650441492
-0.182062764035817,0.586488245004207,-0.0187534829799227,-0.614032272235896
-1.18273457408968,-0.970252040477126,0.633380861521044,0.154469712093848
-0.346791141089103,-0.730347381566639,0.617410625542976,-0.474836905757719
1.12339770509275,1.31740412140948,-0.0666376914840186,-0.996703821880539
0.523099999071377,1.05183721823237,-0.871500680251087,0.0677669106429956
-1.35523825158062,-0.0922512404293117,-0.328301030812306,-0.673348299022323
-0.385723905121971,-0.229531213796702,0.611728848377856,1.5013545996553
0.507122352433059,0.120706310348776,-0.0843857941112598,-1.47661367901738
-0.402176657012371,0.342845831762904,-0.172079460504313,-0.333828571306218
0.0477308077488461,0.265649914672754,2.00448534280929,0.354600444875903
0.0527820975567384,0.589749535092306,-0.847204954910349,1.03303880830507
-0.626053140906495,-1.22004159717845,-0.7360557862308,-1.07462954853852
1.14067638671286,1.62247075756439,1.43000958645837,0.436373979624711
2.04573423466805,0.21058645091842,1.29194526214553,0.464697384180392
0.684082079518944,-0.0544667655693631,-0.882726933976458,0.477080282896118
0.435071081354102,-0.463113262712803,1.34597451592376,0.604003806359647
-1.35871634766127,0.394912297768653,0.404544147590781,-0.266210284594392
0.688212550888444,-1.25695330179665,0.322257892007709,0.295481090562635
-0.52787562406202,-0.678465423011624,-0.111036629741775,0.696536192388295
0.355298931518479,0.799107168030743,-0.571140641390558,2.31562475113837
0.910587324917121,-0.38211145956799,-0.795107658703242,0.21429209775585
-0.176558155863676,-0.19938629864157,-1.2137451965122,-0.0211721605836885
-1.58302638997067,-1.60267916582492,-0.105896576812447,0.1328852153138
0.0264547983552782,1.47865050458845,0.430778145247319,0.0524194373383477
-0.35566951702574,0.22356380654864,0.53567852039833,0.303984826559434
0.658803134993471,0.459617069943105,-0.958128233834925,0.845389863195083
-1.49421495678997,-0.810004223007468,-0.482927861714646,-0.725010605538356
2.07299238258611,1.02114621866177,1.41010052662494,-0.0403261177589609
1.63847434184668,1.43538045490494,-0.0200759320134186,1.03615431550817
-0.139176209675578,-0.569066895566106,-0.675346783037151,-0.640011841366451
0.0708156172488743,-0.66709075078321,-1.33505312330588,-0.109136702211118
0.405802795635225,0.963011529495695,0.718465053486396,0.391866032838932
-1.73799133098,-1.85589186292745,-1.14425118891525,-1.56875444641405
-0.316342539230356,-1.45919109899547,-0.71991093120714,-1.31345750689932
1.57842166204989,-0.0148465583893564,1.46943109210281,1.42917325252474
-0.855638520946931,-0.681943248171536,-2.12282081287689,-1.86030293493235
1.25364243929347,1.0591378037085,2.04245778410624,1.28533049118223
0.0386394332399232,0.0872393470204512,0.387332455503534,-0.789512784581643
0.226675177186811,0.128263841202062,0.494153538010829,1.03696227784002
-0.326148453876837,0.993350543517039,-0.257274443132642,-0.270085369656321
0.974978623411519,-0.743003576838024,0.758903640657773,0.276721339802823
0.520491970404964,-0.49779588133367,0.0628170700468636,-0.151034594793816
0.4547943596175,0.646040581581795,1.21645540545469,0.626742812036148
1.64857434388898,2.19233888005657,1.14744906117685,2.4275098832198
-0.749459781646466,-0.304537533562039,0.194590726273653,-0.859208838230582
1.89320413642317,2.16620706458432,1.93725318552215,-0.617181401409679
0.0868347211423047,1.53694714810841,-0.743748397339138,0.0196840040767925
0.0528910116663974,0.187104423732927,0.913108873969008,0.25251211962289
-0.966688678798388,-0.192570773544066,-1.50231932280138,0.0161702547295024
1.05270813263316,-1.55830131065735,0.429683911101117,0.544784567580822
-0.0313397493191417,-0.428610242931054,-0.822308496154425,-0.704217627868971
-0.857599195933008,0.26642293753219,0.679866738209957,-0.1263985065333
0.686751866279998,1.54976027829813,-0.227796926463441,-0.384164045143703
-1.57369955832804,-1.38141244670377,0.402090970873655,-0.475039165058567
-0.0892643625109621,-1.10605224589261,0.811991114522778,0.345703724864224
-1.75493028707842,-1.34575927362408,-1.74496752108623,-0.96794359123778
1.18536239218519,1.38524258185599,2.26637802394451,1.79566148610514
0.939503497929001,-0.247772343934157,-1.66872811988691,0.867677467769602
-0.113498211064614,-0.361556845294929,-0.478637842280801,0.617556020418119
-0.693567400218352,-0.681031789644644,-1.09373720444307,-0.444196115960605
0.864051791659425,0.236462614636458,-0.209207396839588,-0.132396119694374
2.15374206117544,2.83834900329707,1.96597388113129,1.95751022787476
-1.35195548535038,-0.178287937311436,-0.259481650161999,-0.837527797590043
1.32648275352907,0.407077022801197,0.125213815125373,0.15467804417848
-0.26587060149098,-0.661135331991652,0.623666022221784,1.11303755853331
0.781041486748981,0.76066790269916,0.485064548279141,0.270559720256526
1.5922124936436,0.462762165863657,0.00799058234132774,-0.212946609813804
-3.39323679873928,-2.10247726863427,-3.24795129471855,-0.842259182743579
-0.638006783073488,-0.06661980200053,0.322642529981444,-0.0449623817157704
0.930514502427952,1.26070116932913,0.474801389722754,1.21408067302926
-0.746694121127579,-0.348530912069215,-1.57738584551955,-1.04576904104973
1.29577643749448,-0.0662738512450092,0.456276653917911,0.975208584778498
0.184278443903744,0.742422059095097,0.0697446919279959,0.79925960205043
0.883655853152457,1.09434378119223,0.36101615827623,-0.0239247241798227
1.10538163565846,0.47589543166392,0.707820877887469,1.65275678758584
-1.4802290334867,-1.97995610104093,-0.67849459732596,-1.34869397716095
-0.0984928301545518,-0.551315951206726,-0.0553805017047815,-1.5865709051934
-0.559016945766059,1.24528215551761,-3.44362914157296,-1.07915338741914
-0.27379913495441,-0.819529170860694,-0.14993927261926,-0.074599730774273
0.402841982459822,-0.521320869306345,0.143279691085665,-1.23588052843965
0.469098589464092,-1.43434199627479,0.859727779469667,-0.219536619723523
0.0785070547643296,-0.184860581838183,-0.254270964417837,0.736252052191873
0.401354109549016,0.714253087781263,-1.08003903091944,0.583820913889784
-0.890728614979987,-1.69596433626208,-0.27152274821341,0.148769462756441
-1.27611179397687,0.197891636891486,0.325716064669769,-0.307312319166318
-0.251230578645376,0.0243709069294741,0.327159804893263,-1.69112072704646
0.227246162694498,-0.213983842193826,0.697740042401958,1.62737203606771
-0.524483226383561,-0.78069412159914,-1.10020024644572,-2.25825786889921
-0.463575452705174,-2.66245583691313,-0.264323268388305,-1.24029495024284
-0.904457927073957,0.605813803395753,2.44559217543952,1.68296217270972
0.117688899201784,0.299556768635854,-1.10262538205414,1.63972873650423
-1.20337668027287,-1.27827381951468,-0.247015600852502,-0.870977780812419
-0.654123823218898,0.0948316562708079,-0.546407292133436,0.266770558012701
1.37114940648876,-0.941476358285523,-0.574898018059904,-0.90048277948583
1.30004631767916,0.523939211136835,0.114651340812085,0.600370485111198
